﻿<?xml version="1.0"?>
<doc>
<assembly>
<name>
Innovation
</name>
</assembly>
<members>
<member name="T:Innovation.AboutBox">
 <summary>
 generic, self-contained About Box dialog
 </summary>
 <remarks>
 Jeff Atwood
 http://www.codinghorror.com
 </remarks>
</member>
<member name="P:Innovation.AboutBox.AppEntryAssembly">
 <summary>
 Returns the entry assembly for the current application domain
 </summary>
 <remarks>
 This is usually read-only, but in some weird cases (Smart Client apps) 
 you won't have an entry assembly, so you may want to set this manually.
 </remarks>
</member>
<member name="P:Innovation.AboutBox.AppTitle">
 <summary>
 single line of text to show in the application title section of the about box dialog
 </summary>
 <remarks>
 defaults to "%title%" 
 %title% = Assembly: AssemblyTitle
 </remarks>
</member>
<member name="P:Innovation.AboutBox.AppDescription">
 <summary>
 single line of text to show in the description section of the about box dialog
 </summary>
 <remarks>
 defaults to "%description%"
 %description% = Assembly: AssemblyDescription
 </remarks>
</member>
<member name="P:Innovation.AboutBox.AppVersion">
 <summary>
 single line of text to show in the version section of the about dialog
 </summary>
 <remarks>
 defaults to "Version %version%"
 %version% = Assembly: AssemblyVersion
 </remarks>
</member>
<member name="P:Innovation.AboutBox.AppCopyright">
 <summary>
 single line of text to show in the copyright section of the about dialog
 </summary>
 <remarks>
 defaults to "Copyright © %year%, %company%"
 %company% = Assembly: AssemblyCompany
 %year% = current 4-digit year
 </remarks>
</member>
<member name="P:Innovation.AboutBox.AppImage">
 <summary>
 intended for the default 32x32 application icon to appear in the upper left of the about dialog
 </summary>
 <remarks>
 if you open this form using .ShowDialog(Owner), the icon can be derived from the owning form
 </remarks>
</member>
<member name="P:Innovation.AboutBox.AppMoreInfo">
 <summary>
 multiple lines of miscellaneous text to show in rich text box
 </summary>
 <remarks>
 defaults to "%product% is %copyright%, %trademark%"
 %product% = Assembly: AssemblyProduct
 %copyright% = Assembly: AssemblyCopyright
 %trademark% = Assembly: AssemblyTrademark
 </remarks>
</member>
<member name="P:Innovation.AboutBox.AppDetailsButton">
 <summary>
 determines if the "Details" (advanced assembly details) button is shown
 </summary>
</member>
<member name="M:Innovation.AboutBox.AssemblyLastWriteTime(System.Reflection.Assembly)">
 <summary>
 exception-safe retrieval of LastWriteTime for this assembly.
 </summary>
 <returns>File.GetLastWriteTime, or DateTime.MaxValue if exception was encountered.</returns>
</member>
<member name="M:Innovation.AboutBox.AssemblyBuildDate(System.Reflection.Assembly,System.Boolean)">
 <summary>
 Returns DateTime this Assembly was last built. Will attempt to calculate from build number, if possible. 
 If not, the actual LastWriteTime on the assembly file will be returned.
 </summary>
 <param name="a">Assembly to get build date for</param>
 <param name="ForceFileDate">Don't attempt to use the build number to calculate the date</param>
 <returns>DateTime this assembly was last built</returns>
</member>
<member name="M:Innovation.AboutBox.AssemblyAttribs(System.Reflection.Assembly)">
 <summary>
 returns string name / string value pair of all attribs
 for specified assembly
 </summary>
 <remarks>
 note that Assembly* values are pulled from AssemblyInfo file in project folder

 Trademark       = AssemblyTrademark string
 Debuggable      = True
 GUID            = 7FDF68D5-8C6F-44C9-B391-117B5AFB5467
 CLSCompliant    = True
 Product         = AssemblyProduct string
 Copyright       = AssemblyCopyright string
 Company         = AssemblyCompany string
 Description     = AssemblyDescription string
 Title           = AssemblyTitle string
 </remarks>
</member>
<member name="M:Innovation.AboutBox.RegistryHklmValue(System.String,System.String)">
 <summary>
 reads an HKLM Windows Registry key value
 </summary>
</member>
<member name="M:Innovation.AboutBox.ShowSysInfo">
 <summary>
 launch the MSInfo "system information" application (works on XP, 2003, Vista and WIndows 11 :-) )
 </summary>
</member>
<member name="M:Innovation.AboutBox.Populate(System.Windows.Forms.ListView,System.String,System.String)">
 <summary>
 populate a listview with the specified key and value strings
 </summary>
</member>
<member name="M:Innovation.AboutBox.PopulateAppInfo">
 <summary>
 populates the Application Information listview
 </summary>
</member>
<member name="M:Innovation.AboutBox.PopulateAssemblies">
 <summary>
 populate Assembly Information listview with ALL assemblies
 </summary>
</member>
<member name="M:Innovation.AboutBox.PopulateAssemblySummary(System.Reflection.Assembly)">
 <summary>
 populate Assembly Information listview with summary view for a specific assembly
 </summary>
</member>
<member name="M:Innovation.AboutBox.EntryAssemblyAttrib(System.String)">
 <summary>
 retrieves a cached value from the entry assembly attribute lookup collection
 </summary>
</member>
<member name="M:Innovation.AboutBox.PopulateLabels">
 <summary>
 Populate all the form labels with tokenized text
 </summary>
</member>
<member name="M:Innovation.AboutBox.ReplaceTokens(System.String)">
 <summary>
 perform assemblyinfo to string replacements on labels
 </summary>
</member>
<member name="M:Innovation.AboutBox.PopulateAssemblyDetails(System.Reflection.Assembly,System.Windows.Forms.ListView)">
 <summary>
 populate details for a single assembly
 </summary>
</member>
<member name="M:Innovation.AboutBox.MatchAssemblyByName(System.String)">
 <summary>
 matches assembly by Assembly.GetName.Name; returns nothing if no match
 </summary>
</member>
<member name="M:Innovation.AboutBox.AboutBox_Load(System.Object,System.EventArgs)">
 <summary>
 things to do when form is loaded
 </summary>
</member>
<member name="M:Innovation.AboutBox.AboutBox_Paint(System.Object,System.Windows.Forms.PaintEventArgs)">
 <summary>
 things to do when form is FIRST painted
 </summary>
</member>
<member name="M:Innovation.AboutBox.DetailsButton_Click(System.Object,System.EventArgs)">
 <summary>
 expand about dialog to show additional advanced details
 </summary>
</member>
<member name="M:Innovation.AboutBox.SysInfoButton_Click(System.Object,System.EventArgs)">
 <summary>
 for detailed system info, launch the external Microsoft system info app
 </summary>
</member>
<member name="M:Innovation.AboutBox.AssemblyInfoListView_DoubleClick(System.Object,System.EventArgs)">
 <summary>
 if an assembly is double-clicked, go to the detail page for that assembly
 </summary>
</member>
<member name="M:Innovation.AboutBox.AssemblyNamesComboBox_SelectedIndexChanged(System.Object,System.EventArgs)">
 <summary>
 if a new assembly is selected from the combo box, show details for that assembly
 </summary>
</member>
<member name="M:Innovation.AboutBox.AssemblyInfoListView_ColumnClick(System.Object,System.Windows.Forms.ColumnClickEventArgs)">
 <summary>
 sort the assembly list by column
 </summary>
</member>
<member name="M:Innovation.AboutBox.MoreRichTextBox_LinkClicked(System.Object,System.Windows.Forms.LinkClickedEventArgs)">
 <summary>
 launch any http:// or mailto: links clicked in the body of the rich text box
 </summary>
</member>
<member name="M:Innovation.AboutBox.TabPanelDetails_SelectedIndexChanged(System.Object,System.EventArgs)">
 <summary>
 things to do when the selected tab is changed
 </summary>
</member>
</members>
</doc>
